{
    "$schema": "https://schema.management.azure.com/schemas/2015-01-01/deploymentParameters.json#",
    "contentVersion": "1.0.0.0",
    "parameters": {
        "virtualMachines_datalakeprojvm_name": {
            "value": null
        },
        "virtualNetworks_datalakeproj_vnet_name": {
            "value": null
        },
        "networkInterfaces_datalakeprojvm796_name": {
            "value": null
        },
        "publicIPAddresses_datalakeprojvm_ip_name": {
            "value": null
        },
        "storageAccounts_datalakeprojstorage_name": {
            "value": null
        },
        "networkSecurityGroups_datalakeprojvm_nsg_name": {
            "value": null
        },
        "subnets_default_name": {
            "value": null
        },
        "securityRules_default_allow_rdp_name": {
            "value": null
        },
        "virtualMachines_datalakeprojvm_id": {
            "value": null
        }
    }
}